<?xml version="1.0" encoding="UTF-8"?>
<project-private xmlns="http://www.netbeans.org/ns/project-private/1">
    <editor-bookmarks xmlns="http://www.netbeans.org/ns/editor-bookmarks/2" lastBookmarkId="0"/>
    <open-files xmlns="http://www.netbeans.org/ns/projectui-open-files/2">
        <group>
            <file>file://FSSTU02D/Stu5/Home/Lzhang3373/JAVA/IKLClub/IKLClub/src/java/club/admin/IKLMemberAdminController.java</file>
            <file>file://FSSTU02D/Stu5/Home/Lzhang3373/JAVA/IKLClub/IKLClub/web/IKLConfirmMemberDelete.jsp</file>
        </group>
    </open-files>
</project-private>
